{
    "name": "root",
    "gauges": {
        "AgentController.Policy.Entropy.mean": {
            "value": 1.4312900304794312,
            "min": 1.4224493503570557,
            "max": 1.4312900304794312,
            "count": 6
        },
        "AgentController.Policy.Entropy.sum": {
            "value": 71816.40625,
            "min": 71236.296875,
            "max": 71828.0,
            "count": 6
        },
        "AgentController.Environment.EpisodeLength.mean": {
            "value": 792.675,
            "min": 512.734375,
            "max": 1318.9285714285713,
            "count": 6
        },
        "AgentController.Environment.EpisodeLength.sum": {
            "value": 31707.0,
            "min": 31707.0,
            "max": 55395.0,
            "count": 6
        },
        "AgentController.Step.mean": {
            "value": 299947.0,
            "min": 49967.0,
            "max": 299947.0,
            "count": 6
        },
        "AgentController.Step.sum": {
            "value": 299947.0,
            "min": 49967.0,
            "max": 299947.0,
            "count": 6
        },
        "AgentController.Policy.ExtrinsicValueEstimate.mean": {
            "value": -0.10329679399728775,
            "min": -0.10992132872343063,
            "max": 0.20894910395145416,
            "count": 6
        },
        "AgentController.Policy.ExtrinsicValueEstimate.sum": {
            "value": -82.63743591308594,
            "min": -88.37674713134766,
            "max": 169.03982543945312,
            "count": 6
        },
        "AgentController.Environment.CumulativeReward.mean": {
            "value": -0.475,
            "min": -0.8,
            "max": -0.3877551020408163,
            "count": 6
        },
        "AgentController.Environment.CumulativeReward.sum": {
            "value": -19.0,
            "min": -49.0,
            "max": -19.0,
            "count": 6
        },
        "AgentController.Policy.ExtrinsicReward.mean": {
            "value": -0.475,
            "min": -0.8,
            "max": -0.3877551020408163,
            "count": 6
        },
        "AgentController.Policy.ExtrinsicReward.sum": {
            "value": -19.0,
            "min": -49.0,
            "max": -19.0,
            "count": 6
        },
        "AgentController.Losses.PolicyLoss.mean": {
            "value": 0.02232996146097624,
            "min": 0.021563880281367652,
            "max": 0.024790653451345863,
            "count": 6
        },
        "AgentController.Losses.PolicyLoss.sum": {
            "value": 0.1116498073048812,
            "min": 0.0898474496560084,
            "max": 0.12395326725672931,
            "count": 6
        },
        "AgentController.Losses.ValueLoss.mean": {
            "value": 0.0068053542395743235,
            "min": 0.005955509837561598,
            "max": 0.031136791097621123,
            "count": 6
        },
        "AgentController.Losses.ValueLoss.sum": {
            "value": 0.03402677119787162,
            "min": 0.02977754918780799,
            "max": 0.1245471643904845,
            "count": 6
        },
        "AgentController.Policy.LearningRate.mean": {
            "value": 0.00013349549550152,
            "min": 0.00013349549550152,
            "max": 0.00028460280513240005,
            "count": 6
        },
        "AgentController.Policy.LearningRate.sum": {
            "value": 0.0006674774775076,
            "min": 0.0006674774775076,
            "max": 0.0012843456718848,
            "count": 6
        },
        "AgentController.Policy.Epsilon.mean": {
            "value": 0.14449848000000004,
            "min": 0.14449848000000004,
            "max": 0.1948676,
            "count": 6
        },
        "AgentController.Policy.Epsilon.sum": {
            "value": 0.7224924000000001,
            "min": 0.7224924000000001,
            "max": 0.9281151999999999,
            "count": 6
        },
        "AgentController.Policy.Beta.mean": {
            "value": 0.002230474152,
            "min": 0.002230474152,
            "max": 0.00474389324,
            "count": 6
        },
        "AgentController.Policy.Beta.sum": {
            "value": 0.01115237076,
            "min": 0.01115237076,
            "max": 0.021412948480000003,
            "count": 6
        },
        "AgentController.IsTraining.mean": {
            "value": 1.0,
            "min": 1.0,
            "max": 1.0,
            "count": 6
        },
        "AgentController.IsTraining.sum": {
            "value": 1.0,
            "min": 1.0,
            "max": 1.0,
            "count": 6
        }
    },
    "metadata": {
        "timer_format_version": "0.1.0",
        "start_time_seconds": "1707998916",
        "python_version": "3.8.10 (tags/v3.8.10:3d8993a, May  3 2021, 11:48:03) [MSC v.1928 64 bit (AMD64)]",
        "command_line_arguments": "D:\\unity\\AutonomouLab\\MLvenv1\\Scripts\\mlagents-learn --run-id =eyes1",
        "mlagents_version": "0.29.0",
        "mlagents_envs_version": "0.29.0",
        "communication_protocol_version": "1.5.0",
        "pytorch_version": "2.2.0+cpu",
        "numpy_version": "1.21.2",
        "end_time_seconds": "1707999183"
    },
    "total": 266.6302867,
    "count": 1,
    "self": 0.0051491000000396525,
    "children": {
        "run_training.setup": {
            "total": 0.044816399999999756,
            "count": 1,
            "self": 0.044816399999999756
        },
        "TrainerController.start_learning": {
            "total": 266.58032119999996,
            "count": 1,
            "self": 0.4535448999986329,
            "children": {
                "TrainerController._reset_env": {
                    "total": 7.7566232,
                    "count": 1,
                    "self": 7.7566232
                },
                "TrainerController.advance": {
                    "total": 258.2496955000013,
                    "count": 21652,
                    "self": 0.4489069000032373,
                    "children": {
                        "env_step": {
                            "total": 174.38868509999872,
                            "count": 21652,
                            "self": 142.0490721999988,
                            "children": {
                                "SubprocessEnvManager._take_step": {
                                    "total": 32.05091519999825,
                                    "count": 21652,
                                    "self": 1.31782129999889,
                                    "children": {
                                        "TorchPolicy.evaluate": {
                                            "total": 30.73309389999936,
                                            "count": 21407,
                                            "self": 7.811894499999269,
                                            "children": {
                                                "TorchPolicy.sample_actions": {
                                                    "total": 22.92119940000009,
                                                    "count": 21407,
                                                    "self": 22.92119940000009
                                                }
                                            }
                                        }
                                    }
                                },
                                "workers": {
                                    "total": 0.2886977000016806,
                                    "count": 21651,
                                    "self": 0.0,
                                    "children": {
                                        "worker_root": {
                                            "total": 255.2047995999985,
                                            "count": 21651,
                                            "is_parallel": true,
                                            "self": 144.47850819999925,